rating,feedback,timestamp
4,This movie recommendation platform offers a wide range of movie selections,2024-04-19 17:16:38
5,This movie recommendation platform has introduced me to some fresh movie recommendations,2024-04-20 09:30:26
4,It understands my preferences and offers suitable movie suggestions,2024-04-20 11:18:36
3,The user interface of this movie recommendation platform is sleek and user-friendly,2024-04-20 13:25:58
3,"The recommendation algorithm of this movie recommendation platform seems well-tuned. It has recommended movies that I might enjoy.",2024-04-20 16:26:18
2,"This movie recommendation platform has brought me some unexpected movie choices, helping me discover hidden gems.",2024-04-20 18:46:36
3,"I believe there is room for improvement in the recommendations of this movie recommendation platform, but it has still managed to suggest some good movies to me.",2024-04-21 10:27:54
5," I've been using this movie recommendation platform for a while now, and it consistently delivers excellent movie suggestions that align with my taste.",2024-04-21 13:29:24
3,"The movie library of this recommendation platform is extensive, covering both classic films and new releases, allowing me to satisfy my movie cravings",2024-04-21 15:16:28
3," The recommendation algorithm of this movie recommendation platform seems well-tuned. It has recommended movies that I might enjoy.",2024-04-22 12:09:48
5,"Kudos to this movie recommendation platform for its intuitive interface and seamless browsing experience. It makes finding great movies a breeze.",2024-04-22 14:28:39
4,"This is awsoming, I like it very much",2024-04-22 18:46:49
5,"I appreciate how this movie recommendation platform keeps me updated with the latest releases and provides valuable insights into upcoming movies.",2024-04-23 10:16:48
5,"This is great, allowing me to have different viewing experiences",2024-04-23 12:17:38
5,"This is very good, It has suggested some great movies to me.",2024-04-23 14:16:41
2,"This is great, but need to improve better",2024-04-23 15:18:57
5,"it easy for me to discover movies of interest.",2024-04-23 17:44:28
3,"This movie recommendation platform strikes a perfect balance between mainstream blockbusters and indie films, catering to a wide range of movie enthusiasts.",2024-04-24 9:26:38
4," The search functionality of this movie recommendation platform is robust, allowing me to find specific movies or explore films based on actors, directors, or genres.",2024-04-24 10:36:04
4,"The user reviews and ratings integrated into this movie recommendation platform provide valuable insights and help me make informed decisions about which movies to watch.",2024-04-24 14:10:45
5,"I highly value the personalized watchlist feature of this movie recommendation platform. It helps me organize and keep track of the movies I want to see in the future.",2024-04-24 16:16:29
5,"I like it very much, but it also need to improve better",2024-04-24 00:48:33
5,I like it very much,2024-04-24 00:52:13
